Country,Starting Density 1950 (per Km²),Ending Density 2018 (per Km²),Increase in Density Since 1950-2018 (per Km²)
Kuwait,8.628171,242.26656,233.638389
Norway,9.007859,14.5828705,5.5750115000000005
Qatar,2.115753,240.79573,238.67997699999998
Singapore,1402.1058,8098.2495,6696.1437
United Arab Emirates,1.0505913,128.69856,127.64796869999999
